Designator,Mid X,Mid Y,Rotation,Layer
D1,142.445,-79.0,90.0,top
D10,128.1,-56.397158,0.0,top
D2,161.785,-79.04,90.0,top
D3,180.835,-79.04,90.0,top
D4,142.435,-94.27,90.0,top
D5,161.485,-94.27,90.0,top
D6,181.5,-94.5,90.0,top
D7,142.485,-117.08,90.0,top
D8,161.785,-117.04,90.0,top
D9,180.835,-117.04,90.0,top
S1,132.92,-76.835,0.0,top
S2,151.96,-76.915,0.0,top
S3,171.31,-76.875,0.0,top
S4,132.92,-95.835,0.0,top
S5,151.96,-95.915,0.0,top
S6,171.31,-95.875,0.0,top
S7,132.96,-114.915,0.0,top
S8,151.96,-114.915,0.0,top
S9,171.31,-114.875,0.0,top
U1,174.08,-58.5,270.0,top
